,precision,recall,f1-score,support
ayam,0.9777777777777777,1.0,0.9887640449438202,44.0
ikan,0.9375,1.0,0.967741935483871,15.0
lainnya,1.0,0.6363636363636364,0.7777777777777778,11.0
sapi,0.8636363636363636,0.95,0.9047619047619048,20.0
accuracy,0.9444444444444444,0.9444444444444444,0.9444444444444444,0.9444444444444444
macro avg,0.9447285353535354,0.896590909090909,0.9097614157418434,90.0
weighted avg,0.9484161054994388,0.9444444444444444,0.9408060073397757,90.0
