,precision,recall,f1-score,support
ayam,0.9649122807017544,0.9821428571428571,0.9734513274336283,56.0
ikan,1.0,1.0,1.0,14.0
sapi,1.0,1.0,1.0,19.0
vegetarian,0.9,0.8181818181818182,0.8571428571428571,11.0
accuracy,0.97,0.97,0.97,0.97
macro avg,0.9662280701754385,0.9500811688311689,0.9576485461441214,100.0
weighted avg,0.9693508771929825,0.97,0.9694184576485462,100.0
