Split,Train_Size,Test_Size,Train_Accuracy,Test_Accuracy,Train_F1,Test_F1,Train_Precision,Test_Precision,Train_Recall,Test_Recall,Overfitting_Gap_Acc,Overfitting_Gap_F1
80-20,400,100,0.9825,0.97,0.9746142270070035,0.9576485461441214,0.9668253079507279,0.9662280701754385,0.9830560064935064,0.9500811688311689,0.012500000000000067,0.016965680862882082
