Split,Train_Size,Test_Size,Train_Accuracy,Test_Accuracy,Train_F1,Test_F1,Train_Precision,Test_Precision,Train_Recall,Test_Recall,Overfitting_Gap_Acc,Overfitting_Gap_F1
80-20,358,90,0.9972067039106145,0.9444444444444444,0.9954664668415136,0.9097614157418434,0.9968354430379747,0.9447285353535354,0.9941860465116279,0.896590909090909,0.05276225946617008,0.0857050510996702
