,precision,recall,f1-score,support
ayam,0.9821428571428571,1.0,0.990990990990991,55.0
ikan,1.0,1.0,1.0,19.0
lainnya,1.0,0.9285714285714286,0.9629629629629629,14.0
sapi,0.9583333333333334,0.9583333333333334,0.9583333333333334,24.0
accuracy,0.9821428571428571,0.9821428571428571,0.9821428571428571,0.9821428571428571
macro avg,0.9851190476190477,0.9717261904761906,0.9780718218218218,112.0
weighted avg,0.9823022959183673,0.9821428571428571,0.9820177320177319,112.0
