Split,Test_Size,Test_Accuracy,Test_F1,Test_Precision,Test_Recall,Avg_Hybrid_Score,Avg_MCCBF_Score,Avg_RF_Score
70-30,150,0.98,0.9704156223893066,0.9775335546512458,0.9657738095238095,0.7670651956240436,0.7042077197635741,0.9137326392984733
80-20,100,0.98,0.9641669209642966,0.9789473684210526,0.9545454545454546,0.7658813874072237,0.7022736158634248,0.9142995210094221
90-10,50,0.94,0.9315390749601276,0.924074074074074,0.9404761904761906,0.7617213847186065,0.7054495698939719,0.8930222859760865
