Split,Test_Size,Test_Accuracy,Test_F1,Test_Precision,Test_Recall,Avg_Hybrid_Score,Avg_MCCBF_Score,Avg_RF_Score
70-30,135,0.9851851851851852,0.9773552734294753,0.9882041405873856,0.96875,0.7641691876196378,0.7071215015292965,0.8972804551637675
80-20,90,0.9666666666666667,0.9569444444444444,0.9766304347826087,0.9420454545454546,0.7663158396504381,0.7042046356046019,0.9112419824240561
90-10,45,1.0,1.0,1.0,1.0,0.7610756277878951,0.7029084053948764,0.8967991467049388
