Split,Test_Size,Test_Accuracy,Test_F1,Test_Precision,Test_Recall,Avg_Hybrid_Score,Avg_MCCBF_Score,Avg_RF_Score
70-30,150,0.98,0.9704156223893066,0.9832480818414322,0.9601293103448276,0.7679936756280771,0.7041312619356213,0.9170059742438074
80-20,100,0.97,0.9555047682202854,0.974561403508772,0.9420454545454546,0.7669121770069469,0.7027000974412028,0.9167403626603509
90-10,50,0.94,0.9315390749601276,0.924074074074074,0.9404761904761906,0.7617213847186065,0.7054495698939719,0.8930222859760866
