Split,Test_Size,Test_Accuracy,Test_F1,Test_Precision,Test_Recall,Avg_Hybrid_Score,Avg_MCCBF_Score,Avg_RF_Score
70-30,135,0.9777777777777777,0.9685823754789272,0.9891304347826086,0.953125,0.7646684884961291,0.706910377151039,0.8994374149680064
80-20,90,0.9333333333333333,0.9312647754137116,0.97,0.9045454545454545,0.7677097836670554,0.6978770141323333,0.9306529125814076
90-10,45,0.9777777777777777,0.9603174603174602,0.9772727272727273,0.95,0.7627941291946102,0.6995363811810567,0.9103955412262356
