,precision,recall,f1-score,support
ayam,0.9764705882352941,1.0,0.9880952380952381,83.0
ikan,0.9565217391304348,1.0,0.9777777777777777,22.0
sapi,1.0,0.9655172413793104,0.9824561403508771,29.0
vegetarian,1.0,0.875,0.9333333333333333,16.0
accuracy,0.98,0.98,0.98,0.98
macro avg,0.9832480818414322,0.9601293103448276,0.9704156223893066,150.0
weighted avg,0.98060358056266,0.98,0.9796505151768309,150.0
