,precision,recall,f1-score,support
ayam,0.9850746268656716,1.0,0.9924812030075187,66.0
ikan,1.0,1.0,1.0,23.0
lainnya,1.0,0.875,0.9333333333333333,16.0
sapi,0.967741935483871,1.0,0.9836065573770492,30.0
accuracy,0.9851851851851852,0.9851851851851852,0.9851851851851852,0.9851851851851852
macro avg,0.9882041405873856,0.96875,0.9773552734294753,135.0
weighted avg,0.9855346921307442,0.9851851851851852,0.9847799218751189,135.0
