,precision,recall,f1-score,support
ayam,0.9565217391304348,1.0,0.9777777777777777,66.0
ikan,1.0,1.0,1.0,23.0
lainnya,1.0,0.8125,0.896551724137931,16.0
sapi,1.0,1.0,1.0,30.0
accuracy,0.9777777777777777,0.9777777777777777,0.9777777777777777,0.9777777777777777
macro avg,0.9891304347826086,0.953125,0.9685823754789272,135.0
weighted avg,0.978743961352657,0.9777777777777777,0.9768752660706683,135.0
