,precision,recall,f1-score,support
ayam,0.9880952380952381,0.9880952380952381,0.9880952380952381,84.0
ikan,0.9565217391304348,1.0,0.9777777777777777,22.0
sapi,0.9655172413793104,1.0,0.9824561403508771,28.0
vegetarian,1.0,0.875,0.9333333333333333,16.0
accuracy,0.98,0.98,0.98,0.98
macro avg,0.9775335546512458,0.9657738095238095,0.9704156223893066,150.0
weighted avg,0.980519740129935,0.98,0.9796881091617934,150.0
