,precision,recall,f1-score,support
ayam,1.0,0.9761904761904762,0.9879518072289156,84.0
ikan,0.9166666666666666,1.0,0.9565217391304348,22.0
sapi,0.9333333333333333,1.0,0.9655172413793104,28.0
vegetarian,1.0,0.875,0.9333333333333333,16.0
accuracy,0.9733333333333334,0.9733333333333334,0.9733333333333334,0.9733333333333334
macro avg,0.9624999999999999,0.9627976190476191,0.9608310302679985,150.0
weighted avg,0.9753333333333333,0.9733333333333334,0.9733283077336834,150.0
