Split,Test_Size,Test_Accuracy,Test_F1,Test_Precision,Test_Recall,Avg_Hybrid_Score,Avg_MCCBF_Score,Avg_RF_Score,Alpha,Mode
70-30,135,0.9851851851851852,0.9773552734294753,0.9882041405873856,0.96875,0.7641691876196378,0.7071215015292965,0.8972804551637675,0.7,seimbang
