Split,Test_Size,Test_Accuracy,Test_F1,Test_Precision,Test_Recall,Avg_Hybrid_Score,Avg_MCCBF_Score,Avg_RF_Score,Alpha,Mode
70-30,150,0.9733333333333334,0.9608310302679985,0.9624999999999999,0.9627976190476191,0.7620627410931218,0.6945342364653254,0.9196292518913136,0.7,seimbang
