Split,Test_Size,Test_Accuracy,Test_F1,Test_Precision,Test_Recall,Avg_Hybrid_Score,Avg_MCCBF_Score,Avg_RF_Score,Alpha,Mode
70-30,135,0.9777777777777777,0.9685823754789272,0.9891304347826086,0.953125,0.7646684884961291,0.706910377151039,0.8994374149680064,0.7,seimbang
