Split,Test_Size,Test_Accuracy,Test_F1,Test_Precision,Test_Recall,Avg_Hybrid_Score,Avg_MCCBF_Score,Avg_RF_Score,Alpha,Mode
70-30,150,0.98,0.9704156223893066,0.9832480818414322,0.9601293103448276,0.7679936756280771,0.7041312619356213,0.9170059742438074,0.7,seimbang
