Split,Test_Size,Test_Accuracy,Test_F1,Test_Precision,Test_Recall,Avg_Hybrid_Score,Avg_MCCBF_Score,Avg_RF_Score,Alpha,Mode
70-30,150,0.98,0.9704156223893066,0.9775335546512458,0.9657738095238095,0.7670651956240436,0.7042077197635741,0.9137326392984733,0.7,seimbang
