Split,Train_Size,Test_Size,Test_Accuracy,Test_F1,Test_Precision,Test_Recall,Overfitting_Gap_Acc,Overfitting_Gap_F1
70-30,350,150,0.9666666666666667,0.9522809696506968,0.957843137254902,0.9471726190476191,0.0161904761904762,0.022603831973795674
80-20,400,100,0.97,0.9576485461441214,0.9662280701754385,0.9500811688311689,0.012500000000000067,0.016965680862882082
90-10,450,50,0.96,0.949404761904762,0.949404761904762,0.949404761904762,0.02444444444444449,0.030097932805046024
