Split,Train_Size,Test_Size,Test_Accuracy,Test_F1,Test_Precision,Test_Recall,Overfitting_Gap_Acc,Overfitting_Gap_F1
70-30,313,135,0.9629629629629629,0.9409578338433593,0.9624144900497512,0.9291666666666667,0.03384214885812331,0.05388401530505926
80-20,358,90,0.9444444444444444,0.9097614157418434,0.9447285353535354,0.896590909090909,0.05276225946617008,0.0857050510996702
90-10,403,45,0.9777777777777777,0.9812865497076023,0.9891304347826086,0.975,0.017259443065894664,0.011522171968469719
