,precision,recall,f1-score,support
ayam,1.0,1.0,1.0,22.0
ikan,1.0,1.0,1.0,8.0
lainnya,1.0,0.8,0.8888888888888888,5.0
sapi,0.9090909090909091,1.0,0.9523809523809523,10.0
accuracy,0.9777777777777777,0.9777777777777777,0.9777777777777777,0.9777777777777777
macro avg,0.9772727272727273,0.95,0.9603174603174602,45.0
weighted avg,0.9797979797979799,0.9777777777777777,0.9770723104056438,45.0
