,precision,recall,f1-score,support
ayam,0.9629629629629629,0.9285714285714286,0.9454545454545454,28.0
ikan,1.0,1.0,1.0,7.0
sapi,0.9,1.0,0.9473684210526315,9.0
vegetarian,0.8333333333333334,0.8333333333333334,0.8333333333333334,6.0
accuracy,0.94,0.94,0.94,0.94
macro avg,0.924074074074074,0.9404761904761906,0.9315390749601276,50.0
weighted avg,0.9412592592592592,0.94,0.939980861244019,50.0
