,precision,recall,f1-score,support
ayam,1.0,0.9285714285714286,0.9629629629629629,28.0
ikan,0.875,1.0,0.9333333333333333,7.0
sapi,0.9,1.0,0.9473684210526315,9.0
vegetarian,0.8333333333333334,0.8333333333333334,0.8333333333333334,6.0
accuracy,0.94,0.94,0.94,0.94
macro avg,0.9020833333333333,0.9404761904761906,0.9192495126705653,50.0
weighted avg,0.9445,0.94,0.9404522417153995,50.0
