Split,Test_Size,Test_Accuracy,Test_F1,Test_Precision,Test_Recall,Avg_Hybrid_Score,Avg_MCCBF_Score,Avg_RF_Score,Alpha,Mode
90-10,50,0.94,0.9192495126705653,0.9020833333333333,0.9404761904761906,0.7576649759488554,0.693879691584336,0.9064973061327329,0.7,seimbang
