Split,Test_Size,Test_Accuracy,Test_F1,Test_Precision,Test_Recall,Avg_Hybrid_Score,Avg_MCCBF_Score,Avg_RF_Score,Alpha,Mode
90-10,50,0.94,0.9315390749601276,0.924074074074074,0.9404761904761906,0.7617213847186065,0.7054495698939719,0.8930222859760865,0.7,seimbang
