Split,Test_Size,Test_Accuracy,Test_F1,Test_Precision,Test_Recall,Avg_Hybrid_Score,Avg_MCCBF_Score,Avg_RF_Score,Alpha,Mode
90-10,45,0.9777777777777777,0.9603174603174602,0.9772727272727273,0.95,0.7627941291946102,0.6995363811810567,0.9103955412262356,0.7,seimbang
