,precision,recall,f1-score,support
ayam,0.9649122807017544,1.0,0.9821428571428571,55.0
ikan,0.9333333333333333,1.0,0.9655172413793104,14.0
sapi,1.0,0.95,0.9743589743589743,20.0
vegetarian,1.0,0.8181818181818182,0.9,11.0
accuracy,0.97,0.97,0.97,0.97
macro avg,0.974561403508772,0.9420454545454546,0.9555047682202854,100.0
weighted avg,0.9713684210526315,0.97,0.9692227800934698,100.0
