,precision,recall,f1-score,support
ayam,0.9821428571428571,0.9821428571428571,0.9821428571428571,56.0
ikan,0.9333333333333333,1.0,0.9655172413793104,14.0
sapi,0.95,1.0,0.9743589743589743,19.0
vegetarian,1.0,0.8181818181818182,0.9,11.0
accuracy,0.97,0.97,0.97,0.97
macro avg,0.9663690476190476,0.9500811688311689,0.9555047682202854,100.0
weighted avg,0.9711666666666666,0.97,0.9693006189213087,100.0
