,precision,recall,f1-score,support
ayam,0.88,1.0,0.9361702127659575,44.0
ikan,1.0,1.0,1.0,15.0
lainnya,1.0,0.8181818181818182,0.9,11.0
sapi,1.0,0.8,0.8888888888888888,20.0
accuracy,0.9333333333333333,0.9333333333333333,0.9333333333333333,0.9333333333333333
macro avg,0.97,0.9045454545454545,0.9312647754137116,90.0
weighted avg,0.9413333333333334,0.9333333333333333,0.9318807459942213,90.0
