,precision,recall,f1-score,support
ayam,0.9824561403508771,1.0,0.9911504424778761,56.0
ikan,0.9333333333333333,1.0,0.9655172413793104,14.0
sapi,1.0,1.0,1.0,19.0
vegetarian,1.0,0.8181818181818182,0.9,11.0
accuracy,0.98,0.98,0.98,0.98
macro avg,0.9789473684210526,0.9545454545454546,0.9641669209642966,100.0
weighted avg,0.9808421052631578,0.98,0.9792166615807142,100.0
