,precision,recall,f1-score,support
ayam,0.9565217391304348,1.0,0.9777777777777777,44.0
ikan,1.0,1.0,1.0,15.0
lainnya,1.0,0.8181818181818182,0.9,11.0
sapi,0.95,0.95,0.95,20.0
accuracy,0.9666666666666667,0.9666666666666667,0.9666666666666667,0.9666666666666667
macro avg,0.9766304347826087,0.9420454545454546,0.9569444444444444,90.0
weighted avg,0.9676328502415459,0.9666666666666667,0.9658024691358024,90.0
