Split,Test_Size,Test_Accuracy,Test_F1,Test_Precision,Test_Recall,Avg_Hybrid_Score,Avg_MCCBF_Score,Avg_RF_Score,Alpha,Mode
80-20,90,0.9666666666666667,0.9569444444444444,0.9766304347826087,0.9420454545454546,0.7663158396504381,0.7042046356046019,0.9112419824240561,0.7,seimbang
