Split,Test_Size,Test_Accuracy,Test_F1,Test_Precision,Test_Recall,Avg_Hybrid_Score,Avg_MCCBF_Score,Avg_RF_Score,Alpha,Mode
80-20,100,0.97,0.9555047682202854,0.9663690476190476,0.9500811688311689,0.7609395471951913,0.6935352815284821,0.91821616708418,0.7,seimbang
