Split,Test_Size,Test_Accuracy,Test_F1,Test_Precision,Test_Recall,Avg_Hybrid_Score,Avg_MCCBF_Score,Avg_RF_Score,Alpha,Mode
80-20,90,0.9333333333333333,0.9312647754137116,0.97,0.9045454545454545,0.7677097836670554,0.6978770141323333,0.9306529125814076,0.7,seimbang
