Split,Test_Size,Test_Accuracy,Test_F1,Test_Precision,Test_Recall,Avg_Hybrid_Score,Avg_MCCBF_Score,Avg_RF_Score,Alpha,Mode
80-20,100,0.98,0.9641669209642966,0.9789473684210526,0.9545454545454546,0.7658813874072237,0.7022736158634248,0.9142995210094221,0.7,seimbang
