Split,Test_Size,Test_Accuracy,Test_F1,Test_Precision,Test_Recall,Avg_Hybrid_Score,Avg_MCCBF_Score,Avg_RF_Score,Alpha,Mode
80-20,100,0.97,0.9555047682202854,0.974561403508772,0.9420454545454546,0.7669121770069469,0.7027000974412028,0.9167403626603509,0.7,seimbang
