,precision,recall,f1-score,support
ayam,0.9850746268656716,1.0,0.9924812030075187,66.0
ikan,0.9583333333333334,1.0,0.9787234042553191,23.0
lainnya,1.0,0.75,0.8571428571428571,16.0
sapi,0.90625,0.9666666666666667,0.9354838709677419,30.0
accuracy,0.9629629629629629,0.9629629629629629,0.9629629629629629,0.9629629629629629
macro avg,0.9624144900497512,0.9291666666666667,0.9409578338433593,135.0
weighted avg,0.964771052146674,0.9629629629629629,0.9614311077013818,135.0
