,precision,recall,f1-score,support
ayam,0.9647058823529412,0.9761904761904762,0.9704142011834319,84.0
ikan,1.0,1.0,1.0,22.0
sapi,1.0,1.0,1.0,28.0
vegetarian,0.8666666666666667,0.8125,0.8387096774193549,16.0
accuracy,0.9666666666666667,0.9666666666666667,0.9666666666666667,0.9666666666666667
macro avg,0.957843137254902,0.9471726190476191,0.9522809696506968,150.0
weighted avg,0.9660130718954248,0.9666666666666667,0.966227651587453,150.0
