Split,Train_Size,Test_Size,Train_Accuracy,Test_Accuracy,Train_F1,Test_F1,Train_Precision,Test_Precision,Train_Recall,Test_Recall,Overfitting_Gap_Acc,Overfitting_Gap_F1
70-30,313,135,0.9968051118210862,0.9629629629629629,0.9948418491484186,0.9409578338433593,0.9963768115942029,0.9624144900497512,0.993421052631579,0.9291666666666667,0.03384214885812331,0.05388401530505926
