Split,Train_Size,Test_Size,Train_Accuracy,Test_Accuracy,Train_F1,Test_F1,Train_Precision,Test_Precision,Train_Recall,Test_Recall,Overfitting_Gap_Acc,Overfitting_Gap_F1
70-30,350,150,0.9828571428571429,0.9666666666666667,0.9748848016244924,0.9522809696506968,0.9681470695303968,0.957843137254902,0.9820774463631607,0.9471726190476191,0.0161904761904762,0.022603831973795674
