,precision,recall,f1-score,support
ayam,0.9565217391304348,1.0,0.9777777777777777,22.0
ikan,1.0,1.0,1.0,8.0
lainnya,1.0,1.0,1.0,5.0
sapi,1.0,0.9,0.9473684210526315,10.0
accuracy,0.9777777777777777,0.9777777777777777,0.9777777777777777,0.9777777777777777
macro avg,0.9891304347826086,0.975,0.9812865497076023,45.0
weighted avg,0.978743961352657,0.9777777777777777,0.9774398960363871,45.0
