,precision,recall,f1-score,support
ayam,0.9642857142857143,0.9642857142857143,0.9642857142857143,28.0
ikan,1.0,1.0,1.0,7.0
sapi,1.0,1.0,1.0,9.0
vegetarian,0.8333333333333334,0.8333333333333334,0.8333333333333334,6.0
accuracy,0.96,0.96,0.96,0.96
macro avg,0.949404761904762,0.949404761904762,0.949404761904762,50.0
weighted avg,0.96,0.96,0.96,50.0
