Split,Train_Size,Test_Size,Train_Accuracy,Test_Accuracy,Train_F1,Test_F1,Train_Precision,Test_Precision,Train_Recall,Test_Recall,Overfitting_Gap_Acc,Overfitting_Gap_F1
90-10,450,50,0.9844444444444445,0.96,0.979502694709808,0.949404761904762,0.9712100764732343,0.949404761904762,0.9889455782312926,0.949404761904762,0.02444444444444449,0.030097932805046024
