Split,Train_Size,Test_Size,Train_Accuracy,Test_Accuracy,Train_F1,Test_F1,Train_Precision,Test_Precision,Train_Recall,Test_Recall,Overfitting_Gap_Acc,Overfitting_Gap_F1
90-10,403,45,0.9950372208436724,0.9777777777777777,0.992808721676072,0.9812865497076023,0.9936379641485276,0.9891304347826086,0.9920570500927645,0.975,0.017259443065894664,0.011522171968469719
